Latitude,Longitude,Time,Speed,ID
59.349265198,18.058839338,2019-11-08 17:53:41.351811,0.2,000000005e0fc628
59.349261849,18.058845151,2019-11-08 17:53:42.359038,0.2,000000005e0fc628
59.349261849,18.058845151,2019-11-08 17:53:43.366544,0.538,000000005e0fc628
59.349252113,18.058856414,2019-11-08 17:53:44.374371,0.691,000000005e0fc628
59.349246953,18.058867676,2019-11-08 17:53:45.382284,0.629,000000005e0fc628
59.349246953,18.058867676,2019-11-08 17:53:46.390427,0.431,000000005e0fc628
59.349249136,18.058884387,2019-11-08 17:53:47.394562,0.431,000000005e0fc628
59.349241794,18.058878938,2019-11-08 17:53:48.399437,0.487,000000005e0fc628
59.34924637,18.058878938,2019-11-08 17:53:49.404097,0.042,000000005e0fc628
59.34924637,18.058878938,2019-11-08 17:53:50.413129,0.15,000000005e0fc628
59.349255523,18.058878938,2019-11-08 17:53:51.418418,0.486,000000005e0fc628
59.349255523,18.058878938,2019-11-08 17:53:52.429161,0.486,000000005e0fc628
59.349257916,18.058862227,2019-11-08 17:53:53.437161,0.363,000000005e0fc628
59.349264887,18.058845516,2019-11-08 17:53:54.445012,0.606,000000005e0fc628
59.349264887,18.058845516,2019-11-08 17:53:55.453258,0.606,000000005e0fc628
59.349271857,18.058828805,2019-11-08 17:53:56.463553,0.55,000000005e0fc628
59.349276433,18.058828805,2019-11-08 17:53:57.471375,0.392,000000005e0fc628
59.349276433,18.058828805,2019-11-08 17:53:58.479444,0.392,000000005e0fc628
59.349276433,18.058828805,2019-11-08 17:53:59.488316,0.368,000000005e0fc628
59.349283775,18.058834254,2019-11-08 17:54:00.494496,0.294,000000005e0fc628
59.349283775,18.058834254,2019-11-08 17:54:01.499867,0.294,000000005e0fc628
59.349283775,18.058834254,2019-11-08 17:54:02.508103,0.37,000000005e0fc628
59.349274039,18.058845516,2019-11-08 17:54:03.515737,0.414,000000005e0fc628
59.349274039,18.058845516,2019-11-08 17:54:04.523523,0.414,000000005e0fc628
59.349271645,18.058862227,2019-11-08 17:54:05.530837,0.515,000000005e0fc628
59.349607466,18.058357967,2019-11-08 17:56:48.907627,0.206,000000005e0fc628
59.349607466,18.058357967,2019-11-08 17:56:49.916372,0.206,000000005e0fc628
59.34964635,18.058079321,2019-11-08 17:57:02.941906,1.722,000000005e0fc628
59.349665671,18.058118559,2019-11-08 17:57:03.949621,0.157,000000005e0fc628
59.349658701,18.05813527,2019-11-08 17:57:04.957030,0.098,000000005e0fc628
59.349634441,18.058191219,2019-11-08 17:57:05.964997,0.081,000000005e0fc628
59.349634441,18.058191219,2019-11-08 17:57:06.972879,0.081,000000005e0fc628
59.349637579,18.058218827,2019-11-08 17:57:07.980849,0.225,000000005e0fc628
59.349633375,18.058240987,2019-11-08 17:57:08.995027,0.108,000000005e0fc628
59.349633375,18.058240987,2019-11-08 17:57:10.005563,0.108,000000005e0fc628
59.349616669,18.058268962,2019-11-08 17:57:11.016368,0.238,000000005e0fc628
59.349598736,18.058291122,2019-11-08 17:57:12.028075,0.0,000000005e0fc628
59.349598736,18.058291122,2019-11-08 17:57:13.038959,0.0,000000005e0fc628
59.349589584,18.058291122,2019-11-08 17:57:14.054329,0.123,000000005e0fc628
59.349583197,18.05829657,2019-11-08 17:57:15.065693,0.17,000000005e0fc628
59.349583197,18.05829657,2019-11-08 17:57:16.071308,0.17,000000005e0fc628
59.349571279,18.058291122,2019-11-08 17:57:17.081388,0.109,000000005e0fc628
59.349573461,18.058307833,2019-11-08 17:57:18.089091,0.123,000000005e0fc628
59.349573461,18.058307833,2019-11-08 17:57:19.096374,0.123,000000005e0fc628
59.349552179,18.058335807,2019-11-08 17:57:20.105093,0.315,000000005e0fc628
59.349554945,18.058341256,2019-11-08 17:57:21.113257,0.414,000000005e0fc628
59.349554945,18.058341256,2019-11-08 17:57:22.122374,0.414,000000005e0fc628
59.3495559,18.058352153,2019-11-08 17:57:23.131369,0.682,000000005e0fc628
59.34956106,18.058340891,2019-11-08 17:57:24.139567,0.529,000000005e0fc628
59.34956106,18.058340891,2019-11-08 17:57:25.147599,0.529,000000005e0fc628
59.349550097,18.058346339,2019-11-08 17:57:26.154910,0.884,000000005e0fc628
59.349545521,18.058346339,2019-11-08 17:57:27.162840,0.586,000000005e0fc628
59.349545521,18.058346339,2019-11-08 17:57:28.170235,0.586,000000005e0fc628
59.349543127,18.058363051,2019-11-08 17:57:29.177775,0.612,000000005e0fc628
59.349543127,18.058363051,2019-11-08 17:57:30.188956,0.8,000000005e0fc628
59.349528815,18.058374313,2019-11-08 17:57:31.197272,1.212,000000005e0fc628
59.349526421,18.058391025,2019-11-08 17:57:32.204926,1.096,000000005e0fc628
59.349519451,18.058407736,2019-11-08 17:57:33.212528,1.023,000000005e0fc628
59.349509715,18.058418999,2019-11-08 17:57:34.220107,0.976,000000005e0fc628
59.349499979,18.058430262,2019-11-08 17:57:35.227722,0.568,000000005e0fc628
59.349499979,18.058430262,2019-11-08 17:57:36.235091,0.568,000000005e0fc628
59.349493009,18.058446973,2019-11-08 17:57:37.242676,0.43,000000005e0fc628
59.349483273,18.058458236,2019-11-08 17:57:38.250248,0.123,000000005e0fc628
59.349483273,18.058458236,2019-11-08 17:57:39.257975,0.123,000000005e0fc628
59.34947593,18.058452787,2019-11-08 17:57:40.265952,0.0,000000005e0fc628
59.349478113,18.058469498,2019-11-08 17:57:41.273259,0.215,000000005e0fc628
59.349478113,18.058469498,2019-11-08 17:57:42.277893,0.215,000000005e0fc628
59.349468377,18.058480761,2019-11-08 17:57:43.282433,0.153,000000005e0fc628
59.349458641,18.058492024,2019-11-08 17:57:44.290508,0.215,000000005e0fc628
59.349458641,18.058492024,2019-11-08 17:57:45.298046,0.215,000000005e0fc628
59.349463217,18.058492024,2019-11-08 17:57:46.305709,0.215,000000005e0fc628
59.349453481,18.058503286,2019-11-08 17:57:47.313355,0.304,000000005e0fc628
59.349453481,18.058503286,2019-11-08 17:57:48.321392,0.304,000000005e0fc628
59.349453481,18.058503286,2019-11-08 17:57:49.329399,0.414,000000005e0fc628
59.349460451,18.058486575,2019-11-08 17:57:50.336750,0.529,000000005e0fc628
59.349460451,18.058486575,2019-11-08 17:57:51.344142,0.529,000000005e0fc628
59.349460451,18.058486575,2019-11-08 17:57:52.351879,0.612,000000005e0fc628
59.349457686,18.058481126,2019-11-08 17:57:53.359456,0.17,000000005e0fc628
59.349457686,18.058481126,2019-11-08 17:57:54.366629,0.17,000000005e0fc628
59.349465028,18.058486575,2019-11-08 17:57:55.374293,0.279,000000005e0fc628
59.349457686,18.058481126,2019-11-08 17:57:56.378485,0.109,000000005e0fc628
59.349457686,18.058481126,2019-11-08 17:57:57.385621,0.109,000000005e0fc628
59.349457686,18.058481126,2019-11-08 17:57:58.393065,0.0,000000005e0fc628
59.349462262,18.058481126,2019-11-08 17:57:59.400594,0.306,000000005e0fc628
59.349462262,18.058481126,2019-11-08 17:58:00.408068,0.306,000000005e0fc628
59.349462262,18.058481126,2019-11-08 17:58:01.415838,0.515,000000005e0fc628
59.349457314,18.058458966,2019-11-08 17:58:02.423354,0.279,000000005e0fc628
59.349457314,18.058458966,2019-11-08 17:58:03.430874,0.279,000000005e0fc628
59.349457314,18.058458966,2019-11-08 17:58:04.438428,0.064,000000005e0fc628
59.34945492,18.058475678,2019-11-08 17:58:05.445493,0.0,000000005e0fc628
59.34945492,18.058475678,2019-11-08 17:58:06.453063,0.0,000000005e0fc628
59.34945492,18.058475678,2019-11-08 17:58:07.460650,0.17,000000005e0fc628
59.349447578,18.058470229,2019-11-08 17:58:08.468307,0.215,000000005e0fc628
59.349447578,18.058470229,2019-11-08 17:58:09.475458,0.215,000000005e0fc628
59.349447578,18.058470229,2019-11-08 17:58:10.482854,0.17,000000005e0fc628
59.349440236,18.05846478,2019-11-08 17:58:11.490364,0.215,000000005e0fc628
59.349440236,18.05846478,2019-11-08 17:58:12.498036,0.215,000000005e0fc628
59.349437842,18.058481492,2019-11-08 17:58:13.505600,0.371,000000005e0fc628
59.3494305,18.058476043,2019-11-08 17:58:14.512919,0.43,000000005e0fc628
59.3494305,18.058476043,2019-11-08 17:58:15.520469,0.43,000000005e0fc628
59.3494305,18.058476043,2019-11-08 17:58:16.529060,0.306,000000005e0fc628
59.349416188,18.058487305,2019-11-08 17:58:17.536208,0.43,000000005e0fc628
59.349416188,18.058487305,2019-11-08 17:58:18.540211,0.43,000000005e0fc628
59.349416188,18.058487305,2019-11-08 17:58:19.548832,0.672,000000005e0fc628
59.3494114,18.058520728,2019-11-08 17:58:20.556006,0.76,000000005e0fc628
59.3494114,18.058520728,2019-11-08 17:58:21.563262,0.76,000000005e0fc628
59.349409006,18.058537439,2019-11-08 17:58:22.571202,0.76,000000005e0fc628
59.349402036,18.058554151,2019-11-08 17:58:23.578802,0.647,000000005e0fc628
59.349402036,18.058554151,2019-11-08 17:58:24.586249,0.647,000000005e0fc628
59.349392672,18.058587573,2019-11-08 17:58:25.593777,0.785,000000005e0fc628
59.349392672,18.058587573,2019-11-08 17:58:26.601249,0.392,000000005e0fc628
59.349392672,18.058587573,2019-11-08 17:58:27.608723,0.392,000000005e0fc628
59.349382936,18.058598836,2019-11-08 17:58:28.615928,0.215,000000005e0fc628
59.349382936,18.058598836,2019-11-08 17:58:29.623194,0.215,000000005e0fc628
59.349382936,18.058598836,2019-11-08 17:58:30.630892,0.215,000000005e0fc628
59.349382936,18.058598836,2019-11-08 17:58:31.638490,0.304,000000005e0fc628
59.349371018,18.058593387,2019-11-08 17:58:32.645589,0.279,000000005e0fc628
59.349371018,18.058593387,2019-11-08 17:58:33.649626,0.279,000000005e0fc628
59.349375594,18.058593387,2019-11-08 17:58:34.656851,0.388,000000005e0fc628
59.349375594,18.058593387,2019-11-08 17:58:35.664020,0.172,000000005e0fc628
59.349375594,18.058593387,2019-11-08 17:58:36.671627,0.172,000000005e0fc628
59.349368624,18.058610099,2019-11-08 17:58:37.679108,0.247,000000005e0fc628
59.349368624,18.058610099,2019-11-08 17:58:38.686379,0.392,000000005e0fc628
59.349368624,18.058610099,2019-11-08 17:58:39.693602,0.392,000000005e0fc628
59.349358888,18.058621361,2019-11-08 17:58:40.701221,0.261,000000005e0fc628
59.349358888,18.058621361,2019-11-08 17:58:41.708719,0.0,000000005e0fc628
59.349358888,18.058621361,2019-11-08 17:58:42.716086,0.0,000000005e0fc628
59.349349152,18.058632624,2019-11-08 17:58:43.723417,0.123,000000005e0fc628
59.349349152,18.058632624,2019-11-08 17:58:44.730837,0.172,000000005e0fc628
59.349349152,18.058632624,2019-11-08 17:58:45.738328,0.172,000000005e0fc628
59.349346758,18.058649335,2019-11-08 17:58:46.745495,0.529,000000005e0fc628
59.349339788,18.058666046,2019-11-08 17:58:47.752259,0.682,000000005e0fc628
59.349339788,18.058666046,2019-11-08 17:58:48.760292,0.682,000000005e0fc628
59.349330052,18.058677309,2019-11-08 17:58:49.768542,0.637,000000005e0fc628
59.349323082,18.05869402,2019-11-08 17:58:50.776342,0.637,000000005e0fc628
59.349323082,18.05869402,2019-11-08 17:58:51.783629,0.637,000000005e0fc628
59.349323082,18.05869402,2019-11-08 17:58:52.791157,0.414,000000005e0fc628
59.349316111,18.058710731,2019-11-08 17:58:53.798638,0.392,000000005e0fc628
59.349316111,18.058710731,2019-11-08 17:58:54.806234,0.392,000000005e0fc628
59.349313718,18.058727443,2019-11-08 17:58:55.813559,0.395,000000005e0fc628
59.349309141,18.058727443,2019-11-08 17:58:56.820917,0.414,000000005e0fc628
59.349309141,18.058727443,2019-11-08 17:58:57.828244,0.414,000000005e0fc628
59.349294829,18.058738705,2019-11-08 17:58:58.835395,0.515,000000005e0fc628
59.349294829,18.058738705,2019-11-08 17:58:59.842731,0.392,000000005e0fc628
59.349294829,18.058738705,2019-11-08 17:59:00.850515,0.392,000000005e0fc628
59.349290253,18.058738705,2019-11-08 17:59:01.857930,0.271,000000005e0fc628
59.349290253,18.058738705,2019-11-08 17:59:02.865067,0.172,000000005e0fc628
59.349290253,18.058738705,2019-11-08 17:59:03.872579,0.172,000000005e0fc628
59.349285676,18.058738705,2019-11-08 17:59:04.880050,0.306,000000005e0fc628
59.349283283,18.058755416,2019-11-08 17:59:05.887128,0.371,000000005e0fc628
59.349283283,18.058755416,2019-11-08 17:59:06.894555,0.371,000000005e0fc628
59.349283283,18.058755416,2019-11-08 17:59:07.902021,0.123,000000005e0fc628
59.349283283,18.058755416,2019-11-08 17:59:08.909542,0.172,000000005e0fc628
59.349283283,18.058755416,2019-11-08 17:59:09.916709,0.172,000000005e0fc628
59.349278706,18.058755416,2019-11-08 17:59:10.924207,0.123,000000005e0fc628
59.349278706,18.058755416,2019-11-08 17:59:11.931633,0.371,000000005e0fc628
59.349278706,18.058755416,2019-11-08 17:59:12.939272,0.371,000000005e0fc628
59.349276312,18.058772128,2019-11-08 17:59:13.946434,0.271,000000005e0fc628
59.349271736,18.058772128,2019-11-08 17:59:14.953646,0.109,000000005e0fc628
59.349271736,18.058772128,2019-11-08 17:59:15.961026,0.109,000000005e0fc628
59.349271736,18.058772128,2019-11-08 17:59:16.968465,0.17,000000005e0fc628
59.349276312,18.058772128,2019-11-08 17:59:17.975555,0.304,000000005e0fc628
59.349276312,18.058772128,2019-11-08 17:59:18.979649,0.304,000000005e0fc628
59.349288442,18.058744154,2019-11-08 17:59:19.986980,0.819,000000005e0fc628
59.349295784,18.058749603,2019-11-08 17:59:20.993914,0.672,000000005e0fc628
59.349295784,18.058749603,2019-11-08 17:59:22.001891,0.672,000000005e0fc628
59.349298178,18.058732891,2019-11-08 17:59:23.009308,0.514,000000005e0fc628
59.349307914,18.058721629,2019-11-08 17:59:24.016431,0.215,000000005e0fc628
59.349307914,18.058721629,2019-11-08 17:59:25.023755,0.215,000000005e0fc628
59.349307914,18.058721629,2019-11-08 17:59:26.031166,0.414,000000005e0fc628
59.349310308,18.058704918,2019-11-08 17:59:27.038515,0.306,000000005e0fc628
59.349310308,18.058704918,2019-11-08 17:59:28.045696,0.306,000000005e0fc628
59.349320044,18.058693655,2019-11-08 17:59:29.052963,0.247,000000005e0fc628
59.349315468,18.058693655,2019-11-08 17:59:30.060335,0.172,000000005e0fc628
59.349308126,18.058688206,2019-11-08 17:59:31.067944,0.17,000000005e0fc628
59.349308126,18.058688206,2019-11-08 17:59:32.075077,0.17,000000005e0fc628
59.349303549,18.058688206,2019-11-08 17:59:33.082387,0.109,000000005e0fc628
59.349305943,18.058671495,2019-11-08 17:59:34.089770,0.206,000000005e0fc628
59.349305943,18.058671495,2019-11-08 17:59:35.096897,0.279,000000005e0fc628
59.349305943,18.058671495,2019-11-08 17:59:36.104144,0.306,000000005e0fc628
59.349294025,18.058666046,2019-11-08 17:59:37.111579,0.558,000000005e0fc628
59.349294025,18.058666046,2019-11-08 17:59:38.119096,0.51,000000005e0fc628
59.349296419,18.058649335,2019-11-08 17:59:39.126269,0.294,000000005e0fc628
59.349289077,18.058643886,2019-11-08 17:59:40.133139,0.306,000000005e0fc628
59.349289077,18.058643886,2019-11-08 17:59:41.137113,0.279,000000005e0fc628
59.349289077,18.058643886,2019-11-08 17:59:42.144368,0.271,000000005e0fc628
59.349291471,18.058627175,2019-11-08 17:59:43.152192,0.344,000000005e0fc628
59.349279552,18.058621726,2019-11-08 17:59:44.159737,0.306,000000005e0fc628
59.349279552,18.058621726,2019-11-08 17:59:45.166967,0.411,000000005e0fc628
59.34927221,18.058616278,2019-11-08 17:59:46.174349,0.466,000000005e0fc628
59.349274604,18.058599566,2019-11-08 17:59:47.182096,0.573,000000005e0fc628
59.349262686,18.058594118,2019-11-08 17:59:48.189821,0.738,000000005e0fc628
59.349255344,18.058588669,2019-11-08 17:59:49.197657,0.279,000000005e0fc628
59.34925295,18.05860538,2019-11-08 17:59:50.205057,0.17,000000005e0fc628
59.34925295,18.05860538,2019-11-08 17:59:51.212511,0.279,000000005e0fc628
59.349245608,18.058599931,2019-11-08 17:59:52.220178,0.215,000000005e0fc628
59.349245608,18.058599931,2019-11-08 17:59:53.227578,0.215,000000005e0fc628
59.349245608,18.058599931,2019-11-08 17:59:54.234837,0.153,000000005e0fc628
59.349245608,18.058599931,2019-11-08 17:59:55.242523,0.247,000000005e0fc628
59.349243214,18.058616643,2019-11-08 17:59:56.250364,0.465,000000005e0fc628
59.349243214,18.058616643,2019-11-08 17:59:57.257921,0.465,000000005e0fc628
59.349236244,18.058633354,2019-11-08 17:59:58.265253,0.395,000000005e0fc628
59.34923385,18.058650065,2019-11-08 17:59:59.272702,0.414,000000005e0fc628
59.34923385,18.058650065,2019-11-08 18:00:00.280177,0.414,000000005e0fc628
59.349226508,18.058644616,2019-11-08 18:00:01.288012,0.371,000000005e0fc628
59.349231456,18.058666776,2019-11-08 18:00:02.295277,0.446,000000005e0fc628
59.349231456,18.058666776,2019-11-08 18:00:03.299010,0.446,000000005e0fc628
59.349231456,18.058666776,2019-11-08 18:00:04.306372,0.37,000000005e0fc628
59.349217144,18.058678039,2019-11-08 18:00:05.313812,0.306,000000005e0fc628
59.349217144,18.058678039,2019-11-08 18:00:06.321474,0.306,000000005e0fc628
59.349217144,18.058678039,2019-11-08 18:00:07.329410,0.215,000000005e0fc628
59.349217144,18.058678039,2019-11-08 18:00:08.336768,0.306,000000005e0fc628
59.349217144,18.058678039,2019-11-08 18:00:09.344011,0.306,000000005e0fc628
59.34922172,18.058678039,2019-11-08 18:00:10.351721,0.279,000000005e0fc628
59.349229062,18.058683488,2019-11-08 18:00:11.359343,0.279,000000005e0fc628
59.349229062,18.058683488,2019-11-08 18:00:12.366613,0.279,000000005e0fc628
59.349229062,18.058683488,2019-11-08 18:00:13.374064,0.247,000000005e0fc628
59.349229062,18.058683488,2019-11-08 18:00:14.381924,0.247,000000005e0fc628
59.349229062,18.058683488,2019-11-08 18:00:15.389490,0.247,000000005e0fc628
59.349231456,18.058666776,2019-11-08 18:00:16.396851,0.123,000000005e0fc628
59.349231456,18.058666776,2019-11-08 18:00:17.404148,0.123,000000005e0fc628
59.349231456,18.058666776,2019-11-08 18:00:18.411658,0.123,000000005e0fc628
59.349231456,18.058666776,2019-11-08 18:00:19.419558,0.109,000000005e0fc628
59.349231456,18.058666776,2019-11-08 18:00:20.426681,0.215,000000005e0fc628
59.349231456,18.058666776,2019-11-08 18:00:21.433788,0.215,000000005e0fc628
59.349231456,18.058666776,2019-11-08 18:00:22.441228,0.279,000000005e0fc628
59.349224114,18.058661328,2019-11-08 18:00:23.448843,0.306,000000005e0fc628
59.349224114,18.058661328,2019-11-08 18:00:24.456077,0.306,000000005e0fc628
59.349226508,18.058644616,2019-11-08 18:00:25.463640,0.26,000000005e0fc628
59.349226508,18.058644616,2019-11-08 18:00:26.471004,0.465,000000005e0fc628
59.349226508,18.058644616,2019-11-08 18:00:27.478452,0.465,000000005e0fc628
59.349219166,18.058639168,2019-11-08 18:00:28.485678,0.468,000000005e0fc628
59.349219166,18.058639168,2019-11-08 18:00:29.493046,0.612,000000005e0fc628
59.349219166,18.058639168,2019-11-08 18:00:30.500471,0.612,000000005e0fc628
59.349219166,18.058639168,2019-11-08 18:00:31.508129,0.414,000000005e0fc628
59.349219166,18.058639168,2019-11-08 18:00:32.515359,0.172,000000005e0fc628
59.349219166,18.058639168,2019-11-08 18:00:33.522630,0.172,000000005e0fc628
59.349223742,18.058639168,2019-11-08 18:00:34.530287,0.279,000000005e0fc628
59.349238054,18.058627905,2019-11-08 18:00:35.537629,0.514,000000005e0fc628
59.349238054,18.058627905,2019-11-08 18:00:36.544756,0.514,000000005e0fc628
59.34924779,18.058616643,2019-11-08 18:00:37.552203,0.368,000000005e0fc628
59.349252366,18.058616643,2019-11-08 18:00:38.559790,0.374,000000005e0fc628
59.349252366,18.058616643,2019-11-08 18:00:39.566984,0.374,000000005e0fc628
59.349259709,18.058622091,2019-11-08 18:00:40.574574,0.545,000000005e0fc628
59.349262263,18.058660963,2019-11-08 18:00:41.582172,0.91,000000005e0fc628
59.349262263,18.058660963,2019-11-08 18:00:42.589884,0.91,000000005e0fc628
59.349259869,18.058677674,2019-11-08 18:00:43.598348,1.038,000000005e0fc628
59.349257475,18.058694385,2019-11-08 18:00:44.606033,0.943,000000005e0fc628
59.349257475,18.058694385,2019-11-08 18:00:45.613412,0.943,000000005e0fc628
59.349264817,18.058699834,2019-11-08 18:00:46.620930,0.395,000000005e0fc628
59.349262423,18.058716545,2019-11-08 18:00:47.628478,0.414,000000005e0fc628
59.349262423,18.058716545,2019-11-08 18:00:48.635899,0.414,000000005e0fc628
59.349262423,18.058716545,2019-11-08 18:00:49.643206,0.279,000000005e0fc628
59.349276735,18.058705283,2019-11-08 18:00:50.650899,0.279,000000005e0fc628
59.349276735,18.058705283,2019-11-08 18:00:51.658392,0.279,000000005e0fc628
59.349276735,18.058705283,2019-11-08 18:00:52.665618,0.279,000000005e0fc628
59.349276735,18.058705283,2019-11-08 18:00:53.672901,0.123,000000005e0fc628
59.349276735,18.058705283,2019-11-08 18:00:54.680565,0.123,000000005e0fc628
59.349291048,18.05869402,2019-11-08 18:00:55.688964,0.17,000000005e0fc628
59.349302966,18.058699469,2019-11-08 18:00:56.696218,0.468,000000005e0fc628
59.349302966,18.058699469,2019-11-08 18:00:57.704085,0.468,000000005e0fc628
59.349302966,18.058699469,2019-11-08 18:00:58.711640,0.109,000000005e0fc628
59.349317278,18.058688206,2019-11-08 18:00:59.719069,0.414,000000005e0fc628
59.349317278,18.058688206,2019-11-08 18:01:00.726565,0.414,000000005e0fc628
59.349319672,18.058671495,2019-11-08 18:01:01.733878,0.395,000000005e0fc628
59.349324248,18.058671495,2019-11-08 18:01:02.741344,0.123,000000005e0fc628
59.349324248,18.058671495,2019-11-08 18:01:03.748972,0.123,000000005e0fc628
59.349328825,18.058671495,2019-11-08 18:01:04.756357,0.279,000000005e0fc628
59.349328825,18.058671495,2019-11-08 18:01:05.763604,0.157,000000005e0fc628
59.349328825,18.058671495,2019-11-08 18:01:06.771296,0.157,000000005e0fc628
59.349326431,18.058688206,2019-11-08 18:01:07.779027,0.261,000000005e0fc628
59.349331007,18.058688206,2019-11-08 18:01:08.786251,0.371,000000005e0fc628
59.349331007,18.058688206,2019-11-08 18:01:09.793267,0.371,000000005e0fc628
59.349331007,18.058688206,2019-11-08 18:01:10.797518,0.371,000000005e0fc628
59.349335583,18.058688206,2019-11-08 18:01:11.805357,0.528,000000005e0fc628
59.349335583,18.058688206,2019-11-08 18:01:12.812785,0.528,000000005e0fc628
59.349325847,18.058699469,2019-11-08 18:01:13.820231,0.414,000000005e0fc628
59.349325847,18.058699469,2019-11-08 18:01:14.827598,0.279,000000005e0fc628
59.349325847,18.058699469,2019-11-08 18:01:15.834743,0.279,000000005e0fc628
59.34934016,18.058688206,2019-11-08 18:01:16.842115,0.153,000000005e0fc628
59.349344736,18.058688206,2019-11-08 18:01:17.849618,0.414,000000005e0fc628
59.349344736,18.058688206,2019-11-08 18:01:18.856847,0.414,000000005e0fc628
59.3493541,18.058654784,2019-11-08 18:01:19.864012,0.414,000000005e0fc628
59.349356494,18.058638072,2019-11-08 18:01:20.871362,0.43,000000005e0fc628
59.349356494,18.058638072,2019-11-08 18:01:21.878782,0.43,000000005e0fc628
59.349363464,18.058621361,2019-11-08 18:01:22.886407,0.43,000000005e0fc628
59.349370434,18.05860465,2019-11-08 18:01:23.893494,0.368,000000005e0fc628
59.349370434,18.05860465,2019-11-08 18:01:24.901577,0.368,000000005e0fc628
59.349372828,18.058587939,2019-11-08 18:01:25.908972,0.306,000000005e0fc628
59.349377404,18.058587939,2019-11-08 18:01:26.916400,0.123,000000005e0fc628
59.349377404,18.058587939,2019-11-08 18:01:27.923499,0.123,000000005e0fc628
59.349379798,18.058571227,2019-11-08 18:01:28.931206,0.392,000000005e0fc628
59.349382192,18.058554516,2019-11-08 18:01:29.938683,0.458,000000005e0fc628
59.349382192,18.058554516,2019-11-08 18:01:30.946055,0.458,000000005e0fc628
59.349389162,18.058537805,2019-11-08 18:01:31.953376,0.17,000000005e0fc628
59.349389162,18.058537805,2019-11-08 18:01:32.961022,0.17,000000005e0fc628
59.349389162,18.058537805,2019-11-08 18:01:33.968555,0.17,000000005e0fc628
59.349391556,18.058521093,2019-11-08 18:01:34.975902,0.0,000000005e0fc628
59.349396132,18.058521093,2019-11-08 18:01:35.983171,0.215,000000005e0fc628
59.349396132,18.058521093,2019-11-08 18:01:36.990628,0.215,000000005e0fc628
59.349398526,18.058504382,2019-11-08 18:01:37.997987,0.304,000000005e0fc628
59.34940092,18.058487671,2019-11-08 18:01:39.005155,0.123,000000005e0fc628
59.34940092,18.058487671,2019-11-08 18:01:40.012451,0.123,000000005e0fc628
59.349393578,18.058482222,2019-11-08 18:01:41.019986,0.172,000000005e0fc628
59.349395972,18.058465511,2019-11-08 18:01:42.027056,0.17,000000005e0fc628
59.349395972,18.058465511,2019-11-08 18:01:43.034216,0.17,000000005e0fc628
59.349402942,18.058448799,2019-11-08 18:01:44.041639,0.414,000000005e0fc628
59.349402942,18.058448799,2019-11-08 18:01:45.049071,0.392,000000005e0fc628
59.349402942,18.058448799,2019-11-08 18:01:46.056261,0.392,000000005e0fc628
59.349397994,18.058426639,2019-11-08 18:01:47.063634,0.414,000000005e0fc628
59.349404964,18.058409928,2019-11-08 18:01:48.071079,0.414,000000005e0fc628
59.349404964,18.058409928,2019-11-08 18:01:49.078597,0.306,000000005e0fc628
59.349407358,18.058393217,2019-11-08 18:01:50.085667,0.414,000000005e0fc628
59.349409752,18.058376505,2019-11-08 18:01:51.092965,0.414,000000005e0fc628
59.349409752,18.058376505,2019-11-08 18:01:52.100383,0.414,000000005e0fc628
59.349409752,18.058376505,2019-11-08 18:01:53.107932,0.306,000000005e0fc628
59.349409752,18.058376505,2019-11-08 18:01:54.115152,0.172,000000005e0fc628
59.349409752,18.058376505,2019-11-08 18:01:55.122627,0.306,000000005e0fc628
59.349409752,18.058376505,2019-11-08 18:01:56.130142,0.172,000000005e0fc628
59.349409752,18.058376505,2019-11-08 18:01:57.137783,0.279,000000005e0fc628
59.349407358,18.058393217,2019-11-08 18:01:58.145169,0.123,000000005e0fc628
59.349400016,18.058387768,2019-11-08 18:01:59.152856,0.304,000000005e0fc628
59.349400016,18.058387768,2019-11-08 18:02:00.160368,0.0,000000005e0fc628
59.349397622,18.058404479,2019-11-08 18:02:01.168317,0.0,000000005e0fc628
59.349397622,18.058404479,2019-11-08 18:02:02.175543,0.215,000000005e0fc628
59.349397622,18.058404479,2019-11-08 18:02:03.183065,0.123,000000005e0fc628
59.349397622,18.058404479,2019-11-08 18:02:04.190649,0.279,000000005e0fc628
59.349390652,18.058421191,2019-11-08 18:02:05.198353,0.37,000000005e0fc628
59.349388258,18.058437902,2019-11-08 18:02:06.206048,0.529,000000005e0fc628
59.349385864,18.058454613,2019-11-08 18:02:07.213514,0.718,000000005e0fc628
59.349373946,18.058449165,2019-11-08 18:02:08.220985,0.414,000000005e0fc628
59.349371552,18.058465876,2019-11-08 18:02:09.228149,0.462,000000005e0fc628
59.349369158,18.058482587,2019-11-08 18:02:10.236309,0.514,000000005e0fc628
59.349354846,18.05849385,2019-11-08 18:02:11.244470,0.153,000000005e0fc628
59.349354846,18.05849385,2019-11-08 18:02:12.252881,0.153,000000005e0fc628
59.349354846,18.05849385,2019-11-08 18:02:13.260484,0.0,000000005e0fc628
59.349352452,18.058510561,2019-11-08 18:02:14.267914,0.123,000000005e0fc628
59.349352452,18.058510561,2019-11-08 18:02:15.275203,0.123,000000005e0fc628
59.349347876,18.058510561,2019-11-08 18:02:16.282754,0.279,000000005e0fc628
59.349347876,18.058510561,2019-11-08 18:02:17.290373,0.304,000000005e0fc628
59.349347876,18.058510561,2019-11-08 18:02:18.297973,0.304,000000005e0fc628
59.349343299,18.058510561,2019-11-08 18:02:19.305327,0.279,000000005e0fc628
59.349335957,18.058505112,2019-11-08 18:02:20.312880,0.17,000000005e0fc628
59.349335957,18.058505112,2019-11-08 18:02:21.320403,0.17,000000005e0fc628
59.349335957,18.058505112,2019-11-08 18:02:22.328021,0.123,000000005e0fc628
59.349331381,18.058505112,2019-11-08 18:02:23.335552,0.17,000000005e0fc628
59.349331381,18.058505112,2019-11-08 18:02:24.342972,0.17,000000005e0fc628
59.349331381,18.058505112,2019-11-08 18:02:25.346995,0.0,000000005e0fc628
59.349336329,18.058527272,2019-11-08 18:02:26.354238,0.172,000000005e0fc628
59.349336329,18.058527272,2019-11-08 18:02:27.361810,0.172,000000005e0fc628
59.349336329,18.058527272,2019-11-08 18:02:28.369353,0.17,000000005e0fc628
59.349341489,18.05851601,2019-11-08 18:02:29.376804,0.279,000000005e0fc628
59.349341489,18.05851601,2019-11-08 18:02:30.384142,0.279,000000005e0fc628
59.349341489,18.05851601,2019-11-08 18:02:31.391634,0.279,000000005e0fc628
59.349343883,18.058499299,2019-11-08 18:02:32.399134,0.557,000000005e0fc628
59.349343883,18.058499299,2019-11-08 18:02:33.406342,0.557,000000005e0fc628
59.3493417,18.058482587,2019-11-08 18:02:34.413695,0.545,000000005e0fc628
59.3493417,18.058482587,2019-11-08 18:02:35.421413,0.172,000000005e0fc628
59.3493417,18.058482587,2019-11-08 18:02:36.428855,0.172,000000005e0fc628
59.349344094,18.058465876,2019-11-08 18:02:37.436076,0.446,000000005e0fc628
59.349344094,18.058465876,2019-11-08 18:02:38.443282,0.392,000000005e0fc628
59.349344094,18.058465876,2019-11-08 18:02:39.450867,0.392,000000005e0fc628
59.349341912,18.058449165,2019-11-08 18:02:40.458632,0.515,000000005e0fc628
59.349341912,18.058449165,2019-11-08 18:02:41.466190,0.279,000000005e0fc628
59.349341912,18.058449165,2019-11-08 18:02:42.473357,0.279,000000005e0fc628
59.349341912,18.058449165,2019-11-08 18:02:43.480910,0.109,000000005e0fc628
59.349337336,18.058449165,2019-11-08 18:02:44.488437,0.279,000000005e0fc628
59.349337336,18.058449165,2019-11-08 18:02:45.495693,0.279,000000005e0fc628
59.349334942,18.058465876,2019-11-08 18:02:46.503106,0.271,000000005e0fc628
59.349334942,18.058465876,2019-11-08 18:02:47.510777,0.304,000000005e0fc628
59.349334942,18.058465876,2019-11-08 18:02:48.518254,0.304,000000005e0fc628
59.349330365,18.058465876,2019-11-08 18:02:49.525419,0.411,000000005e0fc628
59.349332759,18.058449165,2019-11-08 18:02:50.532716,0.344,000000005e0fc628
59.349332759,18.058449165,2019-11-08 18:02:51.540068,0.344,000000005e0fc628
59.349332759,18.058449165,2019-11-08 18:02:52.547199,0.172,000000005e0fc628
59.349337707,18.058471325,2019-11-08 18:02:53.554414,0.172,000000005e0fc628
59.349337707,18.058471325,2019-11-08 18:02:54.561732,0.172,000000005e0fc628
59.349337707,18.058471325,2019-11-08 18:02:55.565684,0.123,000000005e0fc628
59.349340101,18.058454613,2019-11-08 18:02:56.572971,0.414,000000005e0fc628
59.349340101,18.058454613,2019-11-08 18:02:57.580770,0.414,000000005e0fc628
59.349354413,18.058443351,2019-11-08 18:02:58.588336,0.414,000000005e0fc628
59.349356807,18.058426639,2019-11-08 18:02:59.595465,0.637,000000005e0fc628
59.349356807,18.058426639,2019-11-08 18:03:00.602884,0.637,000000005e0fc628
59.349356807,18.058426639,2019-11-08 18:03:01.610499,0.494,000000005e0fc628
59.349361595,18.058393217,2019-11-08 18:03:02.618454,0.76,000000005e0fc628
59.349361595,18.058393217,2019-11-08 18:03:03.625662,0.76,000000005e0fc628
59.349378301,18.058365243,2019-11-08 18:03:04.633211,0.918,000000005e0fc628
59.349380695,18.058348531,2019-11-08 18:03:05.640814,0.943,000000005e0fc628
59.349380695,18.058348531,2019-11-08 18:03:06.648511,0.943,000000005e0fc628
59.349395007,18.058337269,2019-11-08 18:03:07.655857,0.565,000000005e0fc628
59.349395007,18.058337269,2019-11-08 18:03:08.663282,0.718,000000005e0fc628
59.349395007,18.058337269,2019-11-08 18:03:09.671023,0.718,000000005e0fc628
59.349404743,18.058326006,2019-11-08 18:03:10.678993,0.586,000000005e0fc628
59.349411713,18.058309295,2019-11-08 18:03:11.686219,0.612,000000005e0fc628
59.349411713,18.058309295,2019-11-08 18:03:12.693389,0.612,000000005e0fc628
59.349421449,18.058298032,2019-11-08 18:03:13.701285,0.514,000000005e0fc628
59.349426025,18.058298032,2019-11-08 18:03:14.709430,0.568,000000005e0fc628
59.349426025,18.058298032,2019-11-08 18:03:15.721086,0.568,000000005e0fc628
59.349435761,18.058286769,2019-11-08 18:03:16.729106,0.43,000000005e0fc628
59.349435761,18.058286769,2019-11-08 18:03:17.733044,0.414,000000005e0fc628
59.349435761,18.058286769,2019-11-08 18:03:18.740877,0.414,000000005e0fc628
59.349450073,18.058275506,2019-11-08 18:03:19.748532,0.918,000000005e0fc628
59.349452467,18.058258795,2019-11-08 18:03:20.755847,0.8,000000005e0fc628
59.349452467,18.058258795,2019-11-08 18:03:21.763174,0.8,000000005e0fc628
59.349459437,18.058242084,2019-11-08 18:03:22.770972,0.682,000000005e0fc628
59.34946678,18.058247532,2019-11-08 18:03:23.778655,0.371,000000005e0fc628
59.34946678,18.058247532,2019-11-08 18:03:24.785966,0.371,000000005e0fc628
59.34946678,18.058247532,2019-11-08 18:03:25.793665,0.612,000000005e0fc628
59.349471356,18.058247532,2019-11-08 18:03:26.801520,0.414,000000005e0fc628
59.349471356,18.058247532,2019-11-08 18:03:27.809072,0.414,000000005e0fc628
59.349471356,18.058247532,2019-11-08 18:03:28.814029,0.247,000000005e0fc628
59.349471356,18.058247532,2019-11-08 18:03:29.819637,0.215,000000005e0fc628
59.349471356,18.058247532,2019-11-08 18:03:30.824032,0.215,000000005e0fc628
59.349468962,18.058264244,2019-11-08 18:03:31.831511,0.294,000000005e0fc628
59.34946162,18.058258795,2019-11-08 18:03:32.835810,0.215,000000005e0fc628
59.34946162,18.058258795,2019-11-08 18:03:33.843168,0.215,000000005e0fc628
59.349459226,18.058275506,2019-11-08 18:03:34.851949,0.306,000000005e0fc628
59.349459226,18.058275506,2019-11-08 18:03:35.856287,0.271,000000005e0fc628
59.349459226,18.058275506,2019-11-08 18:03:36.860761,0.271,000000005e0fc628
59.349459226,18.058275506,2019-11-08 18:03:37.865191,0.271,000000005e0fc628
59.349459226,18.058275506,2019-11-08 18:03:38.872509,0.392,000000005e0fc628
59.349459226,18.058275506,2019-11-08 18:03:39.880089,0.392,000000005e0fc628
59.349463802,18.058275506,2019-11-08 18:03:40.887955,0.514,000000005e0fc628
59.349463802,18.058275506,2019-11-08 18:03:41.895245,0.215,000000005e0fc628
59.349463802,18.058275506,2019-11-08 18:03:42.902697,0.215,000000005e0fc628
59.349461408,18.058292218,2019-11-08 18:03:43.910287,0.247,000000005e0fc628
59.349461408,18.058292218,2019-11-08 18:03:44.917854,0.215,000000005e0fc628
59.349461408,18.058292218,2019-11-08 18:03:45.924965,0.215,000000005e0fc628
59.349463591,18.058308929,2019-11-08 18:03:46.932604,0.157,000000005e0fc628
59.349463591,18.058308929,2019-11-08 18:03:47.936941,0.0,000000005e0fc628
59.349463591,18.058308929,2019-11-08 18:03:48.944050,0.0,000000005e0fc628
59.349461197,18.058325641,2019-11-08 18:03:49.951671,0.109,000000005e0fc628
59.349458803,18.058342352,2019-11-08 18:03:50.959012,0.123,000000005e0fc628
59.349458803,18.058342352,2019-11-08 18:03:51.966261,0.123,000000005e0fc628
59.349463379,18.058342352,2019-11-08 18:03:52.973932,0.172,000000005e0fc628
59.349463379,18.058342352,2019-11-08 18:03:53.981335,0.0,000000005e0fc628
59.349463379,18.058342352,2019-11-08 18:03:54.985847,0.0,000000005e0fc628
59.349460986,18.058359063,2019-11-08 18:03:55.993064,0.215,000000005e0fc628
59.349460986,18.058359063,2019-11-08 18:03:57.001108,0.123,000000005e0fc628
59.349460986,18.058359063,2019-11-08 18:03:58.008453,0.123,000000005e0fc628
59.349463168,18.058375775,2019-11-08 18:03:59.015638,0.247,000000005e0fc628
59.349453432,18.058387037,2019-11-08 18:04:00.022806,0.306,000000005e0fc628
59.349453432,18.058387037,2019-11-08 18:04:01.030258,0.306,000000005e0fc628
59.349443696,18.0583983,2019-11-08 18:04:02.037912,0.515,000000005e0fc628
59.349443696,18.0583983,2019-11-08 18:04:03.053536,0.304,000000005e0fc628
59.349443696,18.0583983,2019-11-08 18:04:04.058949,0.304,000000005e0fc628
59.34943396,18.058409563,2019-11-08 18:04:05.063731,0.306,000000005e0fc628
59.349431566,18.058426274,2019-11-08 18:04:06.069203,0.371,000000005e0fc628
59.349431566,18.058426274,2019-11-08 18:04:07.077174,0.304,000000005e0fc628
59.349424224,18.058420825,2019-11-08 18:04:08.084984,0.123,000000005e0fc628
59.349424224,18.058420825,2019-11-08 18:04:09.092939,0.247,000000005e0fc628
59.349428801,18.058420825,2019-11-08 18:04:10.105231,0.306,000000005e0fc628
59.349426407,18.058437537,2019-11-08 18:04:11.118990,0.17,000000005e0fc628
59.349426407,18.058437537,2019-11-08 18:04:12.127848,0.247,000000005e0fc628
59.349424013,18.058454248,2019-11-08 18:04:13.136386,0.371,000000005e0fc628
59.349416671,18.058448799,2019-11-08 18:04:14.142152,0.271,000000005e0fc628
59.349416671,18.058448799,2019-11-08 18:04:15.153597,0.215,000000005e0fc628
59.349414277,18.058465511,2019-11-08 18:04:16.160841,0.304,000000005e0fc628
59.349414277,18.058465511,2019-11-08 18:04:17.168279,0.215,000000005e0fc628
59.349411511,18.058460062,2019-11-08 18:04:18.175743,0.215,000000005e0fc628
59.349409117,18.058476773,2019-11-08 18:04:19.183970,0.247,000000005e0fc628
59.349409117,18.058476773,2019-11-08 18:04:20.191378,0.261,000000005e0fc628
59.349409117,18.058476773,2019-11-08 18:04:21.198853,0.172,000000005e0fc628
59.349413693,18.058476773,2019-11-08 18:04:22.205971,0.0,000000005e0fc628
59.349406351,18.058471325,2019-11-08 18:04:23.213355,0.0,000000005e0fc628
59.349406351,18.058471325,2019-11-08 18:04:24.220918,0.0,000000005e0fc628
59.349406351,18.058471325,2019-11-08 18:04:25.228220,0.0,000000005e0fc628
59.349410928,18.058471325,2019-11-08 18:04:26.236060,0.0,000000005e0fc628
59.349410928,18.058471325,2019-11-08 18:04:27.243889,0.0,000000005e0fc628
59.349410928,18.058471325,2019-11-08 18:04:28.251299,0.0,000000005e0fc628
59.349410928,18.058471325,2019-11-08 18:04:29.258672,0.0,000000005e0fc628
59.349410928,18.058471325,2019-11-08 18:04:30.265866,0.0,000000005e0fc628
59.349410928,18.058471325,2019-11-08 18:04:31.273167,0.0,000000005e0fc628
59.349415504,18.058471325,2019-11-08 18:04:32.285989,0.0,000000005e0fc628
59.349415504,18.058471325,2019-11-08 18:04:33.293645,0.0,000000005e0fc628
59.349415504,18.058471325,2019-11-08 18:04:34.301784,0.0,000000005e0fc628
59.349415504,18.058471325,2019-11-08 18:04:35.309478,0.0,000000005e0fc628
59.349415504,18.058471325,2019-11-08 18:04:36.316798,0.0,000000005e0fc628
59.349415504,18.058471325,2019-11-08 18:04:37.324220,0.0,000000005e0fc628
59.349415504,18.058471325,2019-11-08 18:04:38.331843,0.172,000000005e0fc628
59.349415504,18.058471325,2019-11-08 18:04:39.339798,0.172,000000005e0fc628
59.349415504,18.058471325,2019-11-08 18:04:40.347146,0.17,000000005e0fc628
59.349415504,18.058471325,2019-11-08 18:04:41.354445,0.172,000000005e0fc628
59.349415504,18.058471325,2019-11-08 18:04:42.362026,0.172,000000005e0fc628
59.349415504,18.058471325,2019-11-08 18:04:43.369490,0.109,000000005e0fc628
59.34941311,18.058488036,2019-11-08 18:04:44.376700,0.271,000000005e0fc628
59.34941311,18.058488036,2019-11-08 18:04:45.383881,0.271,000000005e0fc628
59.34941311,18.058488036,2019-11-08 18:04:46.391374,0.17,000000005e0fc628
59.34941311,18.058488036,2019-11-08 18:04:47.395936,0.109,000000005e0fc628
59.34941311,18.058488036,2019-11-08 18:04:48.403960,0.109,000000005e0fc628
59.34941311,18.058488036,2019-11-08 18:04:49.411675,0.0,000000005e0fc628
59.34941311,18.058488036,2019-11-08 18:04:50.419361,0.123,000000005e0fc628
59.34941311,18.058488036,2019-11-08 18:04:51.426626,0.123,000000005e0fc628
59.349405768,18.058482587,2019-11-08 18:04:52.433983,0.123,000000005e0fc628
59.349405768,18.058482587,2019-11-08 18:04:53.441337,0.306,000000005e0fc628
59.349405768,18.058482587,2019-11-08 18:04:54.449214,0.306,000000005e0fc628
59.349405768,18.058482587,2019-11-08 18:04:55.456610,0.123,000000005e0fc628
59.349408162,18.058465876,2019-11-08 18:04:56.464005,0.172,000000005e0fc628
59.349408162,18.058465876,2019-11-08 18:04:57.471681,0.172,000000005e0fc628
59.349408162,18.058465876,2019-11-08 18:04:58.479415,0.123,000000005e0fc628
59.349408162,18.058465876,2019-11-08 18:04:59.486804,0.0,000000005e0fc628
59.349408162,18.058465876,2019-11-08 18:05:00.493916,0.0,000000005e0fc628
59.349408162,18.058465876,2019-11-08 18:05:01.502142,0.109,000000005e0fc628
59.349408162,18.058465876,2019-11-08 18:05:02.509710,0.17,000000005e0fc628
59.349408162,18.058465876,2019-11-08 18:05:03.516860,0.17,000000005e0fc628
59.349408162,18.058465876,2019-11-08 18:05:04.523979,0.172,000000005e0fc628
59.349405768,18.058482587,2019-11-08 18:05:05.531372,0.123,000000005e0fc628
59.349405768,18.058482587,2019-11-08 18:05:06.538807,0.123,000000005e0fc628
59.349405768,18.058482587,2019-11-08 18:05:07.546233,0.0,000000005e0fc628
59.349405768,18.058482587,2019-11-08 18:05:08.553801,0.123,000000005e0fc628
59.349405768,18.058482587,2019-11-08 18:05:09.561266,0.123,000000005e0fc628
59.349415504,18.058471325,2019-11-08 18:05:10.568749,0.306,000000005e0fc628
59.349415504,18.058471325,2019-11-08 18:05:11.575895,0.392,000000005e0fc628
59.349415504,18.058471325,2019-11-08 18:05:12.583150,0.392,000000005e0fc628
59.34942524,18.058460062,2019-11-08 18:05:13.590725,0.306,000000005e0fc628
59.349429816,18.058460062,2019-11-08 18:05:14.598357,0.306,000000005e0fc628
59.349429816,18.058460062,2019-11-08 18:05:15.605972,0.306,000000005e0fc628
59.349429816,18.058460062,2019-11-08 18:05:16.613556,0.515,000000005e0fc628
59.34943221,18.058443351,2019-11-08 18:05:17.621080,0.494,000000005e0fc628
59.34943221,18.058443351,2019-11-08 18:05:18.628551,0.494,000000005e0fc628
59.34943221,18.058443351,2019-11-08 18:05:19.635745,0.123,000000005e0fc628
59.349441946,18.058432088,2019-11-08 18:05:20.643331,0.494,000000005e0fc628
59.349441946,18.058432088,2019-11-08 18:05:21.650768,0.494,000000005e0fc628
59.349441946,18.058432088,2019-11-08 18:05:22.658403,0.157,000000005e0fc628
59.349441946,18.058432088,2019-11-08 18:05:23.665582,0.172,000000005e0fc628
59.349441946,18.058432088,2019-11-08 18:05:24.673261,0.172,000000005e0fc628
59.349449288,18.058437537,2019-11-08 18:05:25.680888,0.172,000000005e0fc628
59.349444712,18.058437537,2019-11-08 18:05:26.688597,0.0,000000005e0fc628
59.349444712,18.058437537,2019-11-08 18:05:27.695809,0.0,000000005e0fc628
59.349452054,18.058442985,2019-11-08 18:05:28.703227,0.206,000000005e0fc628
59.349452054,18.058442985,2019-11-08 18:05:29.710693,0.294,000000005e0fc628
59.349452054,18.058442985,2019-11-08 18:05:30.718193,0.294,000000005e0fc628
59.349454448,18.058426274,2019-11-08 18:05:31.725530,0.0,000000005e0fc628
59.349449871,18.058426274,2019-11-08 18:05:32.733142,0.064,000000005e0fc628
59.349449871,18.058426274,2019-11-08 18:05:33.740511,0.064,000000005e0fc628
59.349447477,18.058442985,2019-11-08 18:05:34.748103,0.279,000000005e0fc628
59.349442901,18.058442985,2019-11-08 18:05:35.755207,0.43,000000005e0fc628
59.349442901,18.058442985,2019-11-08 18:05:36.762606,0.43,000000005e0fc628
59.349442901,18.058442985,2019-11-08 18:05:37.770340,0.153,000000005e0fc628
59.349435931,18.058459697,2019-11-08 18:05:38.777984,0.123,000000005e0fc628
59.349435931,18.058459697,2019-11-08 18:05:39.785129,0.123,000000005e0fc628
59.349433537,18.058476408,2019-11-08 18:05:40.792577,0.392,000000005e0fc628
59.349428961,18.058476408,2019-11-08 18:05:41.800040,0.306,000000005e0fc628
59.349428961,18.058476408,2019-11-08 18:05:42.807070,0.306,000000005e0fc628
59.349428961,18.058476408,2019-11-08 18:05:43.814542,0.449,000000005e0fc628
59.349424385,18.058476408,2019-11-08 18:05:44.822185,0.304,000000005e0fc628
59.349424385,18.058476408,2019-11-08 18:05:45.829613,0.304,000000005e0fc628
59.349412466,18.058470959,2019-11-08 18:05:46.836748,0.609,000000005e0fc628
59.349410073,18.058487671,2019-11-08 18:05:47.843962,0.609,000000005e0fc628
59.349410073,18.058487671,2019-11-08 18:05:48.851323,0.609,000000005e0fc628
59.349398154,18.058482222,2019-11-08 18:05:49.858898,0.304,000000005e0fc628
59.349398154,18.058482222,2019-11-08 18:05:50.866260,0.586,000000005e0fc628
59.349398154,18.058482222,2019-11-08 18:05:51.873418,0.586,000000005e0fc628
59.349391184,18.058498933,2019-11-08 18:05:52.880990,0.43,000000005e0fc628
59.349391184,18.058498933,2019-11-08 18:05:53.888551,0.515,000000005e0fc628
59.349391184,18.058498933,2019-11-08 18:05:54.895681,0.515,000000005e0fc628
59.349386608,18.058498933,2019-11-08 18:05:55.903039,0.392,000000005e0fc628
59.349384214,18.058515645,2019-11-08 18:05:56.910644,0.414,000000005e0fc628
59.349384214,18.058515645,2019-11-08 18:05:57.918174,0.414,000000005e0fc628
59.349379638,18.058515645,2019-11-08 18:05:58.925333,0.247,000000005e0fc628
59.349379638,18.058515645,2019-11-08 18:05:59.932733,0.17,000000005e0fc628
59.349379638,18.058515645,2019-11-08 18:06:00.940192,0.17,000000005e0fc628
59.349382032,18.058498933,2019-11-08 18:06:01.948339,0.279,000000005e0fc628
59.349384425,18.058482222,2019-11-08 18:06:02.955718,0.392,000000005e0fc628
59.349384425,18.058482222,2019-11-08 18:06:03.963016,0.392,000000005e0fc628
59.349391767,18.058487671,2019-11-08 18:06:04.970694,0.215,000000005e0fc628
59.349391767,18.058487671,2019-11-08 18:06:05.978110,0.172,000000005e0fc628
59.349391767,18.058487671,2019-11-08 18:06:06.985384,0.172,000000005e0fc628
59.349391767,18.058487671,2019-11-08 18:06:07.992925,0.414,000000005e0fc628
59.349387191,18.058487671,2019-11-08 18:06:09.000530,0.529,000000005e0fc628
59.349387191,18.058487671,2019-11-08 18:06:10.008035,0.529,000000005e0fc628
59.349387191,18.058487671,2019-11-08 18:06:11.015378,0.43,000000005e0fc628
59.349384797,18.058504382,2019-11-08 18:06:12.022630,0.514,000000005e0fc628
59.349384797,18.058504382,2019-11-08 18:06:13.030041,0.514,000000005e0fc628
59.349372879,18.058498933,2019-11-08 18:06:14.037162,0.306,000000005e0fc628
59.349372879,18.058498933,2019-11-08 18:06:15.044556,0.306,000000005e0fc628
59.349372879,18.058498933,2019-11-08 18:06:16.051954,0.306,000000005e0fc628
59.349372879,18.058498933,2019-11-08 18:06:17.056241,0.37,000000005e0fc628
59.349372879,18.058498933,2019-11-08 18:06:18.063231,0.306,000000005e0fc628
59.349372879,18.058498933,2019-11-08 18:06:19.070575,0.306,000000005e0fc628
59.349375273,18.058482222,2019-11-08 18:06:20.079152,0.279,000000005e0fc628
59.349375273,18.058482222,2019-11-08 18:06:21.086529,0.123,000000005e0fc628
59.349375273,18.058482222,2019-11-08 18:06:22.093903,0.109,000000005e0fc628
59.349375273,18.058482222,2019-11-08 18:06:23.101485,0.219,000000005e0fc628
59.349375273,18.058482222,2019-11-08 18:06:24.109165,0.172,000000005e0fc628
59.349377667,18.058465511,2019-11-08 18:06:25.116551,0.172,000000005e0fc628
59.349382243,18.058465511,2019-11-08 18:06:26.123869,0.247,000000005e0fc628
59.349382243,18.058465511,2019-11-08 18:06:27.131762,0.123,000000005e0fc628
59.349382243,18.058465511,2019-11-08 18:06:28.139375,0.17,000000005e0fc628
59.349374901,18.058460062,2019-11-08 18:06:29.146579,0.304,000000005e0fc628
59.349374901,18.058460062,2019-11-08 18:06:30.153913,0.215,000000005e0fc628
59.349374901,18.058460062,2019-11-08 18:06:31.161474,0.306,000000005e0fc628
59.349374901,18.058460062,2019-11-08 18:06:32.169047,0.414,000000005e0fc628
59.349374901,18.058460062,2019-11-08 18:06:33.176559,0.306,000000005e0fc628
59.349374901,18.058460062,2019-11-08 18:06:34.184050,0.215,000000005e0fc628
59.349374901,18.058460062,2019-11-08 18:06:35.191775,0.17,000000005e0fc628
59.349374901,18.058460062,2019-11-08 18:06:36.199483,0.0,000000005e0fc628
59.349374901,18.058460062,2019-11-08 18:06:37.206709,0.157,000000005e0fc628
59.349379477,18.058460062,2019-11-08 18:06:38.214142,0.0,000000005e0fc628
59.349381871,18.058443351,2019-11-08 18:06:39.221918,0.109,000000005e0fc628
59.349381871,18.058443351,2019-11-08 18:06:40.229450,0.0,000000005e0fc628
59.349381871,18.058443351,2019-11-08 18:06:41.236659,0.215,000000005e0fc628
59.349381871,18.058443351,2019-11-08 18:06:42.244662,0.215,000000005e0fc628
59.349386447,18.058443351,2019-11-08 18:06:43.252841,0.157,000000005e0fc628
59.349386447,18.058443351,2019-11-08 18:06:44.260651,0.153,000000005e0fc628
59.349386447,18.058443351,2019-11-08 18:06:45.268525,0.153,000000005e0fc628
59.349386447,18.058443351,2019-11-08 18:06:46.275819,0.0,000000005e0fc628
59.349391024,18.058443351,2019-11-08 18:06:47.283627,0.17,000000005e0fc628
59.349391024,18.058443351,2019-11-08 18:06:48.292006,0.17,000000005e0fc628
59.349391024,18.058443351,2019-11-08 18:06:49.300229,0.368,000000005e0fc628
59.349391024,18.058443351,2019-11-08 18:06:50.308664,0.644,000000005e0fc628
59.349391024,18.058443351,2019-11-08 18:06:51.317183,0.644,000000005e0fc628
59.349381288,18.058454613,2019-11-08 18:06:52.325153,0.612,000000005e0fc628
59.34938863,18.058460062,2019-11-08 18:06:53.332688,0.247,000000005e0fc628
59.34938863,18.058460062,2019-11-08 18:06:54.340297,0.247,000000005e0fc628
59.349393206,18.058460062,2019-11-08 18:06:55.347923,0.0,000000005e0fc628
59.3493956,18.058443351,2019-11-08 18:06:56.355266,0.247,000000005e0fc628
59.3493956,18.058443351,2019-11-08 18:06:57.362812,0.247,000000005e0fc628
59.34940257,18.058426639,2019-11-08 18:06:58.370603,0.515,000000005e0fc628
59.349416882,18.058415377,2019-11-08 18:06:59.378134,0.414,000000005e0fc628
59.349416882,18.058415377,2019-11-08 18:07:00.385260,0.414,000000005e0fc628
59.349416882,18.058415377,2019-11-08 18:07:01.392868,0.304,000000005e0fc628
59.349431194,18.058404114,2019-11-08 18:07:02.400368,0.586,000000005e0fc628
59.349431194,18.058404114,2019-11-08 18:07:03.408077,0.586,000000005e0fc628
59.349438164,18.058387403,2019-11-08 18:07:04.415652,0.414,000000005e0fc628
59.349452477,18.05837614,2019-11-08 18:07:05.422970,0.515,000000005e0fc628
59.349452477,18.05837614,2019-11-08 18:07:06.430510,0.515,000000005e0fc628
59.349459819,18.058381589,2019-11-08 18:07:07.438116,0.304,000000005e0fc628
59.349466789,18.058364877,2019-11-08 18:07:08.445222,0.515,000000005e0fc628
59.349466789,18.058364877,2019-11-08 18:07:09.449871,0.515,000000005e0fc628
59.349474131,18.058370326,2019-11-08 18:07:10.457387,0.515,000000005e0fc628
59.349481101,18.058353615,2019-11-08 18:07:11.464610,0.404,000000005e0fc628
59.349481101,18.058353615,2019-11-08 18:07:12.472034,0.404,000000005e0fc628
59.349490837,18.058342352,2019-11-08 18:07:13.479725,0.462,000000005e0fc628
59.349497807,18.058325641,2019-11-08 18:07:14.486951,0.306,000000005e0fc628
59.349497807,18.058325641,2019-11-08 18:07:15.494344,0.306,000000005e0fc628
59.349500201,18.058308929,2019-11-08 18:07:16.502139,0.306,000000005e0fc628
59.349507543,18.058314378,2019-11-08 18:07:17.509625,0.26,000000005e0fc628
59.349507543,18.058314378,2019-11-08 18:07:18.516865,0.26,000000005e0fc628
59.349507543,18.058314378,2019-11-08 18:07:19.524225,0.306,000000005e0fc628
59.349514513,18.058297667,2019-11-08 18:07:20.531598,0.304,000000005e0fc628
59.349514513,18.058297667,2019-11-08 18:07:21.539216,0.304,000000005e0fc628
59.349514513,18.058297667,2019-11-08 18:07:22.546531,0.17,000000005e0fc628
59.349526431,18.058303115,2019-11-08 18:07:23.553812,0.294,000000005e0fc628
59.349526431,18.058303115,2019-11-08 18:07:24.561287,0.294,000000005e0fc628
59.349526431,18.058303115,2019-11-08 18:07:25.568817,0.17,000000005e0fc628
59.349533401,18.058286404,2019-11-08 18:07:26.576086,0.414,000000005e0fc628
59.349533401,18.058286404,2019-11-08 18:07:27.583660,0.414,000000005e0fc628
59.349535795,18.058269692,2019-11-08 18:07:28.591145,0.414,000000005e0fc628
59.349538189,18.058252981,2019-11-08 18:07:29.598575,0.271,000000005e0fc628
59.349538189,18.058252981,2019-11-08 18:07:30.605964,0.271,000000005e0fc628
59.349538189,18.058252981,2019-11-08 18:07:31.613385,0.123,000000005e0fc628
59.349538189,18.058252981,2019-11-08 18:07:32.620738,0.306,000000005e0fc628
59.349538189,18.058252981,2019-11-08 18:07:33.628426,0.306,000000005e0fc628
59.349540583,18.05823627,2019-11-08 18:07:34.635596,0.215,000000005e0fc628
59.349545159,18.05823627,2019-11-08 18:07:35.642912,0.17,000000005e0fc628
59.349545159,18.05823627,2019-11-08 18:07:36.650487,0.17,000000005e0fc628
59.349537817,18.058230821,2019-11-08 18:07:37.658041,0.247,000000005e0fc628
59.349537817,18.058230821,2019-11-08 18:07:38.665207,0.279,000000005e0fc628
59.349537817,18.058230821,2019-11-08 18:07:39.672702,0.279,000000005e0fc628
59.349532869,18.058208661,2019-11-08 18:07:40.680252,0.271,000000005e0fc628
59.349532869,18.058208661,2019-11-08 18:07:41.687768,0.123,000000005e0fc628
59.349532869,18.058208661,2019-11-08 18:07:42.695026,0.123,000000005e0fc628
59.349532869,18.058208661,2019-11-08 18:07:43.702567,0.123,000000005e0fc628
59.349530475,18.058225372,2019-11-08 18:07:44.710092,0.247,000000005e0fc628
59.349530475,18.058225372,2019-11-08 18:07:45.717854,0.247,000000005e0fc628
59.349530475,18.058225372,2019-11-08 18:07:46.725560,0.17,000000005e0fc628
59.349530475,18.058225372,2019-11-08 18:07:47.732821,0.306,000000005e0fc628
59.349530475,18.058225372,2019-11-08 18:07:48.740240,0.306,000000005e0fc628
59.349530475,18.058225372,2019-11-08 18:07:49.748090,0.17,000000005e0fc628
59.349532869,18.058208661,2019-11-08 18:07:50.755293,0.271,000000005e0fc628
59.349532869,18.058208661,2019-11-08 18:07:51.762941,0.271,000000005e0fc628
59.349525527,18.058203212,2019-11-08 18:07:52.771522,0.247,000000005e0fc628
59.349527921,18.058186501,2019-11-08 18:07:53.778971,0.395,000000005e0fc628
59.349527921,18.058186501,2019-11-08 18:07:54.786215,0.395,000000005e0fc628
59.349520579,18.058181052,2019-11-08 18:07:55.793558,0.392,000000005e0fc628
59.349522972,18.058164341,2019-11-08 18:07:56.801050,0.515,000000005e0fc628
59.349522972,18.058164341,2019-11-08 18:07:57.808650,0.515,000000005e0fc628
59.349525366,18.058147629,2019-11-08 18:07:58.815972,0.247,000000005e0fc628
59.349525366,18.058147629,2019-11-08 18:07:59.823283,0.109,000000005e0fc628
59.349525366,18.058147629,2019-11-08 18:08:00.830802,0.109,000000005e0fc628
59.349522972,18.058164341,2019-11-08 18:08:01.835028,0.206,000000005e0fc628
59.34951563,18.058158892,2019-11-08 18:08:02.842218,0.109,000000005e0fc628
59.34951563,18.058158892,2019-11-08 18:08:03.849853,0.109,000000005e0fc628
59.349520207,18.058158892,2019-11-08 18:08:04.857476,0.17,000000005e0fc628
59.349527549,18.058164341,2019-11-08 18:08:05.864750,0.279,000000005e0fc628
59.349527549,18.058164341,2019-11-08 18:08:06.872084,0.279,000000005e0fc628
59.349520207,18.058158892,2019-11-08 18:08:07.879382,0.123,000000005e0fc628
59.34951563,18.058158892,2019-11-08 18:08:08.886384,0.157,000000005e0fc628
59.34951563,18.058158892,2019-11-08 18:08:09.893819,0.157,000000005e0fc628
59.349505894,18.058170155,2019-11-08 18:08:10.901378,0.468,000000005e0fc628
59.349505894,18.058170155,2019-11-08 18:08:11.908812,0.17,000000005e0fc628
59.349505894,18.058170155,2019-11-08 18:08:12.915956,0.17,000000005e0fc628
59.349496158,18.058181418,2019-11-08 18:08:13.923281,0.304,000000005e0fc628
59.349491582,18.058181418,2019-11-08 18:08:14.930718,0.304,000000005e0fc628
59.349491582,18.058181418,2019-11-08 18:08:15.938507,0.304,000000005e0fc628
59.349489188,18.058198129,2019-11-08 18:08:16.945818,0.306,000000005e0fc628
59.349481846,18.058192681,2019-11-08 18:08:17.953207,0.279,000000005e0fc628
59.349481846,18.058192681,2019-11-08 18:08:18.964380,0.279,000000005e0fc628
59.349467534,18.058203943,2019-11-08 18:08:19.971884,0.571,000000005e0fc628
59.349467534,18.058203943,2019-11-08 18:08:20.979560,0.468,000000005e0fc628
59.349467534,18.058203943,2019-11-08 18:08:21.988799,0.468,000000005e0fc628
59.34946514,18.058220655,2019-11-08 18:08:22.996831,0.17,000000005e0fc628